,acc,nmi,ari
0,0.5201285714285714,0.486809089087845,0.33552718646727164
1,0.5273285714285715,0.49311739560820145,0.3477099815059596
