,nmi,acc,ari,fmi,homogenety,completeness,C00,C01,C10,C11
0,0.486809089087845,0.5201285714285714,0.33552718646727164,0.403218994015705,0.48493613998434437,0.4886965619158212,4103336962,306663038,288814716,201115284
